Item Code,Avg. Rate,Qty
10012101,1127.17,323
10012102,185.19,355.48
10012103,146.31,1338
10012104,1427.79,323
10012106,106.21,150
10012109,2051.3,73
10012110,173.7,310.32
1155112,307.26,110.4
11557113,153.41,3191.6
11557114,214.72,150.5
11557115,281.19,150.5
12290101,180,455.8
12290104,180,907.19
12290134,179.07,0
12290135,179.99,1023.424
12290137,180,221.66
12290138,180,112.7
131198126,1161.21,77
13119813,1129,4
13119814,1129,8
13119815,967.24,109
13119816,1431.64,331
13119817,1414.39,614
13119818,1129,57
13119819,1200,37
13198125,898.34,289
13198126,1058.59,38
13198128,1400,23
13198129,1777.48,46
14162106,469.53,1263
15107105,57.02,5093
15107106,41.99,5400
17710114,1455.81,32.605
17710115,757.92,252
18307182,4000,4
18512101,111.15,1505
19207103,2318.72,5
19329121,1469.57,40
19331101,53.86,750
21654108,101.36,100
22342138,76.69,50
22342139,95.09,800
22342141,138,250
22342142,94.97,1100
22417410,86.04,100
22417412,84.86,150
22417413,72.6,100
23620106,0.63,48000
23620112,0.7,48000
23620123,0.44,144000
23620124,0.5,114000
23620126,0.73,132000
23620131,0.43,54000
23620133,0.49,30000
236201330,0.65,150000
23620140,0.86,16000
23620141,0.44,12000
24745110,2.85,35000
24745113,1.1,8000
24745131,0.76,123550
24745132,3.71,30450
24745133,3.55,8305
24745137,0.59,207100
24745138,2.7,25373
24745139,0.6,12400
24745140,2.7,2050
24745141,0.59,16000
24745142,3,3400
24745143,1.7,2200
24745144,0.65,132226
24745150,4.18,11200
24745153,2.58,10800
24745157,0.6,53000
24745158,3,6800
24745159,0.6,24000
24745160,3,1200
24745162,0.59,124000
24745163,2.7,12200
24745170,0.59,33500
24745175,2.7,22455
24745178,1.16,168000
24745179,7.72,19400
24745182,0.9,4100
24745186,0.59,122600
24745187,2.7,11300
25706123,44.4,1589
25706124,32.6,3078
30445103,85,470.74
31087106,65.21,2209.4
31087117,0.3,91200
92212128,190600,1
99000120,858536.09,2
21359472,22.13,23
51002906,25,2
51002910,60,1
51002913,15.96,86
51002928,400,2
51002944,31.02,61
51002950,20,70
51002951,80,3
51002952,54.55,22
51002953,35,6
51002954,8.62,34
51058106,153,10
51071201,1800,3
51071221,250,1
51109129,183,3
51109131,105,6
51109138,906,3
51109148,17770,1
51109155,1261,2
51109156,4400,2
51110246,610,3
51123117,12,50
51123118,13.11,90
51125197,95,10
51125198,95,10
51125202,11,200
51134134,22,12
51134140,60,6
51134142,18,12
51134143,15600,1
51134145,6.54,52
51157107,105,60
51162311,375,4
51163309,375,3
51163310,1096.4,5
51163312,642,2
51163316,375,4
51176106,330,4
51176152,560,4
51191101,1095,4
51191102,480,6
51191103,17.5,4
51191166,1750,3
51191167,1750,3
51191168,1300,4
51257162,95,6
51317144,320,12
51319141,581.15,13
51326101,7.5,200
51326109,1978,2
51349107,32,4
51349116,750,2
51349172,15,40
51379119,140,10
51379120,156.67,36
51379123,2180,25
51379124,85.83,36
51379127,305,58
51379140,550,18
51379149,60,30
51379150,180,5
51379195,640,2
51384102,200,16
51384104,141.67,30
51402101,1085,2
51494110,41.36,44
51494132,55,12
51494133,47.8,40
51494134,22,20
51500104,390,2
51500119,55,6
51537215,152,10
51537224,225,12
51537225,193,12
51537227,65,10
51537228,65,10
51537276,190.63,16
51537279,212.9,20
51537287,195,12
51537294,185,4
51678122,2294,4
51678162,8.5,26
51678177,550,3
51689222,40,1
51698117,55,5
51698202,70,6
51698206,28,6
51698229,13,20
51698232S,82,6
51698233,12.78,92
51698294,2494,1
51706120,596.15,13
51706208,350,4
51766184,9,10
51803122,54.25,100
51809103,10.22,181
51809108,3.89,1080
51809125,725,1
51809128,19.5,12
51809131,18.5,100
51809137,41.5,100
51809146,78,107
51815112,25,300
52433115,41,5000
52433124,2284,10
52433242,152.83,210
53583105,291.67,12
53583111,144.55,11
56057113,105.8,85
56057114,170,2
56255119,30,5
56255120,23,3
57050120,0,4
57050121,0,4
57050123,0,3
57050128,0,8
57050129,0,5
57050130,0,4
57050131,0,3
57050132,0,13
57050133,0,9
57050134,0,4
57050136,0,4
57050137,0,9
57050138,0,7
57050139,0,46
57050142,0,6
57050143,0,6
57050148,0,4
57050149,0,8
57050150,0,4
57050151,0,3
57050152,0,2
57050153,0,10
57050154,0,3
57050155,0,11
57050156,0,2
57050157,0,3
57050158,0,6
57050159,0,5
57050160,0,7
57050161,0,6
57050162,0,1
57050163,0,7
57050164,0,4
57050165,0,2
57050166,0,3
57050167,0,5
57050169,0,7
57050170,0,3
57050171,0,3
57050172,0,4
57050173,0,1
57050174,0,5
57050175,0,6
57050176,0,2
57050177,0,2
57050178,0,2
57050179,0,2
57050180,0,2
57050181,0,2
57050182,0,1
57050183,0,4
57050184,0,1
57050185,0,4
57050186,0,5
57050187,0,4
57050188,0,10
57050189,0,8
57050190,0,2
57050191,0,3
57050192,0,13
57050193,0,4
57050194,0,5
57050196,0,2
57050197,0,7
57050198,0,4
57050199,0,4
57050200,0,2
57050201,0,7
57050202,0,2
57050203,0,7
57050204,0,9
57050205,0,2
57050206,0,3
57050207,0,1
57050208,0,3
57050209,0,4
57050210,0,13
57050211,0,6
57050212,0,6
57050213,0,1
57050214,0,3
57050215,0,3
57050216,0,2
57050217,0,2
57050218,0,10
57050219,0,9
57050220,0,6
57050221,0,4
57050224,0,2
57050225,0,9
57050226,0,4
57050227,0,5
57050228,0,3
57050229,0,9
57050230,0,7
57050231,0,4
57050232,0,8
57050233,0,6
57050234,0,3
57051333,0,10
57052106,0,2
57052110,0,4
57052145,0,4
57052146,0,2
57052147,0,4
57052153,0,2
57052161,0,3
57052166,0,5
57052204,0,5
57052210,0,4
57052238,0,1
57052240,0,3
57052355,0,7
57052372,0,1
57052395,0,5
57052403,0,4
57651669,0.75,1000
57651670,1.1,2000
57651677,17,20
59025108,72,8
59025109,98,10
59025110,48,6
61007617,0,2
69004103,82,960
69004110,9,30
69004147,40,1
69004148,700,4
69004154,0.5,5000
69004191,340,3
69004193,590,3
69004196,49.75,48
69119156,40,1
69342204,0,2
69342205,570,5
69359442,22,20
69359445,22,20
69818502,70,2
90017199,2694.29,7
90017202,2984.55,2
90037241,4641,4
91021129,0,-1
92537190,337.5,12
92617299,31000,1
92698342,450,6
92998885,794.18,6
95003011,2080.84,1
95003013,251.2,40
95003015,2503.2,1
95003016,624,1
95003017,5922.39,1
95043208,85,4
95043211,65,4
95043215,85.71,1
95292142,3586,1
96000014,105,10
96000041,1850,4
96000064,4800,2
96000080,420,2
96000090,180.95,10
96000095,3850,1
96000133,536.91,6
96000137,0.15,385000
96000149,2.74,119980
96000151,1.6,113948
96000152,0,-9000
96000153,0,-14500
97000006,0.8,4000
97000007,430,3
98000022,20.33,69
98000046,490,2
98000066,2200,2
99000005,950,1
99000025,6500,1
99000041,89,10
99000071,160,50
99000072,204,10
99000094,290,1
99000096,238.1,1
99000143,95,6
99000149,5.85,20
99000150,6.3,20
99000151,6.6,20
99000152,7.5,20
99000153,13.65,20
99000154,441,3
99000155,510,2
99000156,770,3
99000157,1110,1
99000161,7.5,200
99000171,650,4
99000172,1500,1
99000200,50,2
99000201,55,2
99000202,3.89,360
21723117,370,21
21723118,200,3
21723119,96.67,3
51693131,66.66,12
51693132,95.83,12
51693133,87.5,12
56193124,166.66,12
56193125,200,12
56193126,100,12
56193127,116.66,12
56193128,116.66,12
56193129,100,12
56193130,116.66,12
69004147,982,5
69004155,186.67,3
69004167,891.67,6
69004200,350,2
69004201,350,1
69004214,83.52,827
69004216,500,2
90603224,907.14,7
95043204,147000,1
95043205,24000,1
960000624,1400,38.5
970000130,45621.33,3
970000131,6.06,13313
97000100,4600,5
97000122,100,1
97000127,28000,1
97000138,52.63,19
98000022,137.5,4
98000059,600,1
98000060,300,1
98000061,2200,1
99000138,18000,1
99000175,4,52
99000212,8400,1
19207105,2370,10
21001105,100,0.5
21359472,101.66,10.25
21454201,120,5
21574101,4.63,150
21723117,450,3
45813102,50,6
50172105,390,2
51002829,110,13.58
51002913,18,40
51002923,17.77,9
51002925,110,18
51002946,16.19,84
51024713,18,2
51074197,55,20
51074215,16,6
51074216,77.5,4
51074376,40,9.15
51109131,20.5,4
51109133,40,4
51109134,51.5,2
51109135,25.25,4
51110245,50,10
51123117,12,12
51123118,18.4,15
51125201,175,21
51134145,11.52,131
51163326,34.25,4
51251109,205,2
51258502,90.67,15
51317144,220,6
51319106,300,6
51349110,32.86,21
51349116,675,2
51362103,75,2
51379128,54.17,12
51479609,50,20
51491113,50,6
51494111,28.85,13
51494132,60,6
51494133,30,3
51494134,5.32,416
51494158,130,3
51500117,454,2
51530135,85.91,11
51632147,200,1
51632152,270,1
51632159,120,1
51678176,10,15
51698117,48.47,17
51698148,41,32
51706208,58.89,36
51717405,48.5,10
51766184,10,6
52333506,196.5,2
52433106,681.22,1
52433122,44.35,115
52433129,233.77,15
52433242,197.38,5
52433258,222.7,10
52465101,80,5
53095114,0.75,200
53274104,383.33,3
53432166,7.69,52
53432168,1,50
53432267,0.3,100
53583106,4,50
53583228,6.5,50
53583233,267.3,1
53583234,267.3,1
53583259,159.3,1
53583404,159.3,1
53583422,3.5,50
53584105,22,9
53584106,2.5,144
53584111,9,9
53584112,1.6,100
53584121,0.25,100
53584126,20,9
53585109,1,100
53588186,40,2
54011718,435,2
54017120,350,4
54489103,1062,1
54608102,810,1
54615111,400,1
55165122,3,50
55241103,25.28,10
55241104,77.25,4
55241208,60,2
55241211,90.74,4
55241212,25,2
55241214,48.01,4
55282120,79,2
55283104,175,1
55283105,990,1
55283111,291,2
55286103,331,2
55288109,284.4,10
55376202,160,2
55376215,17,3
55376220,22,3
55376223,12,3
55435509,10,10
55705113,177,2
55705116,328.73,6
55705180,195,1
55790113,275,4
55790127,440,1
55826183,519,1
55826209,258,1
56057113,135,10
56057114,250,3
56173120,91.38,26
56255118,48,1
56255119,7.38,21
56480109,8.5,100
56480133,28.34,12
56590197,10,3
56652148,20,6
56714111,30,6
56768142,350,4
56768143,409,3
57002939,190,1
57050146,100,10
57052128,700,4
57052181,100,2
57052312,175,4
57052359,75,2
57565108,68.63,91
57565117,175,7.5
57565166,1104,1
57565172,42,20
57565173,28,15
59025111,25,6
59553122,440,10.93
69004101,855,2
69004109,26.67,3
69004129,206.46,13
69004147,21.5,1059
69004148,141.78,55.6
69004154,15,12
69004160,66.82,11
69004161,2.67,204
69004165,20,3
69004166,52.05,119
69004169,75,12
69004171,72.5,24
69004191,340,2
69004193,590,2
69004196,60,24
69004205,22,12
69004206,72.71,14
69004209,140,10
69004215,7.2,75
69004217,750,1
69048202,15,6
6910111,975,4
69118101,45.98,51
69118102,48.91,46
69119148,34.67,15
69119155,35,1
69119156,0.24,500
69119158,25.03,181
69119162,22.12,288
69119163,83.33,3
69119165,27.96,1122
69119220,30,6
69123169,275,4
69149102,35,4
69149103,12,1
69169112,24,36
69169119,18,255.1
69169120,100.77,130
69247101,11.36,60
69258113,2400,5
69258713,443,5
69262102,12.95,37
69262106,15.62,37
69262107,11.61,49
69328104,50,3
69328106,70,3
69342201,210.6,9
69359442,25,40
69359445,21,50
69391113,65,3
69391114,55.29,51
69429130,100,2
69442107,290,1
69442112,236,1
69442193,202,4
69442236,230.5,6
69477108,57.5,20
69477118,130,2.96
69477131,90,12
69477148,285,11
69477161,50,4
69477162,16,40
69477163,14,3
69504102,35,10
69504167,25,10
69576106,15.75,40
69617110,550,1
69617111,450,1
69643101,16,100
69643104,9.88,190
69643108,96,10
69643109,88.73,55
69643110,15.88,136
69706179,15,4
69776219,0.27,1900
69778102,0.65,200
69778105,0.39,288
69778107,0.42,288
69786306,320,1
90000063,61.43,14
90000067,25,1
90000182,50,4
90017141,3425,4
90543358,16.67,6
90594324,65,4
91003119,200,12
91007280,5.5,25
91007675,5,50
92017239,2850,1
92021142,43.61,255
92032252,9,100
92537190,375,3
92671214,162.5,4
92698347,1400,3
92736125,1700,1
92999935,150,6
93000000,120,3
95003161,5,6
95003162,5,6
95003163,7,6
95124484,30,12
95259154,90,8
95358116,8.4,100
95669226,15,5
96000014,90,10
960000142,550,1
96000112,291.67,12
97000068,795,2
97000088,186.15,13
98000002,20,3
98000022,8.39,594
98000046,500,2
98000087,208.75,8
98000088,363.81,31
98000089,3.54,1705
98000090,106,3
98000091,350,4
99000009,37,10
99000026,221.43,7
99000038,14.7,10
99000041,45,8
99000066,700,2
99000067,28.67,6
99000074,20,10
990000742,18,200
99000075,30,12
99000083,1.45,1244
99000084,1.3,1162
99000085,1.74,750
99000087,1,200
99000088,375,2
99000089,375,2
99000090,575,1
99000091,395.25,20
99000095,61.11,9
99000097,152.83,20
99000100,15,540
99000109,90,4
99000110,250,1
99000111,15,9
99000112,410,4
99000113,7.5,12
99000114,265,2
99000115,80,2
99000116,16.25,12
99000117,950,4
99000139,500,1
99000142,194.14,7
99000143,30.93,28
99000160,35.8,30
99000161,79.96,142
99000163,38,16
99000164,35,6
99000165,42.33,48
99000166,370,1
99000172,1100,1
99000174,35,20
99000183,170,2
99000184,550,1
99000192,433.33,3
99000197,71,22.4
99000199,70,5
99000206,1.82,450
99000207,200,2
99000208,449,1
99000209,150,1
99000210,160,4
69004147,42.5,48
69006001,694.79,237
69006002,511.42,113
69408105,7860.26,11
69408106,11000,1
69408107,9000,1
69408108,9000,1
98000001,191.05,109
990000320,0,-1400
990000333,5705.93,2
990000740,0,-22
990000741,917,64
99000082,0,-1700
69004147,885,1
69004154,80,1
69004214,5.19,366
69075107,60,42
69075108,22,150
98000076,26.46,931.5
98000086,93.5,2
99000011,17,192
99000012,25,201
99000144,25,6
99000185,14,120
99000186,490,3
99000187,200,32
51134151,87000,1
57050162,280,6
57050187,210.67,6
57052108,0,-1
57052128,0,-4
57052166,247,3
69359444,933.33,3
90000001,0,7
90000002,0,1
90000003,0,2
90000004,0,11
90000005,0,1
90000006,16266,1
90000007,0,1
90000008,0,1
90000009,0,1
90000010,0,1
90000011,0,1
90000012,0,3
90000014,0,1
90000015,0,1
90000016,0,1
90000017,0,1
90000018,0,1
90000019,0,5
90000020,0,5
90000021,0,2
90000022,0,3
90000023,0,2
90000024,0,4
90000025,0,3
90000026,0,6
90000027,0,6
90000029,0,11
90000030,0,9
90000031,0,4
90000032,0,4
90000033,0,92
90000034,0,10
90000035,0,1
90000036,0,12
90000037,0,5
90000038,0,1
90000039,0,1
90000040,0,17
90000041,0,14
90000042,0,1
90000043,0,1
90000044,0,100
90000045,590.91,22
90000046,0,2
90000048,0,19
90000049,0,14
90000050,0,4
90000051,0,25
90000052,0,2
90000053,0,3
90000054,0,18
90000056,0,84
90000057,0,7
90000058,0,8
90000059,0,19
90000060,0,10
90000061,0,10
90000062,0,10
90000063,0,19
90000064,0,18
90000065,0,10
90000066,0,12
90000067,0,1
90000068,0,6
90000069,0,1
90000070,0,7
90000071,0,15
90000072,0,149
90000073,0,2
90000074,0,11
90000075,0,1
90000076,0,6
90000077,0,2
90000078,0,4
90000079,0,1
90000080,0,1
90000082,0,4
90000084,0,1
90000085,0,7
90000086,0,1
90000087,0,1
90000089,0,2
90000090,0,5
90000091,0,2
90000092,0,48
90000093,0,2
90000094,0,8
90000095,0,35
90000096,0,2
90000097,0,5
90000098,0,1
90000099,0,2
90000100,0,2
90000101,0,1
90000102,0,3
90000103,0,4
90000104,0,2
90000105,0,30
90000106,0,30
90000107,0,4
90000108,0,1
90000109,0,5
90000111,0,5
90000112,0,1
90000114,0,1
90000115,0,1
90000116,0,11
90000117,0,1
90000119,0,2
90000120,0,5
90000121,0,13
90000122,0,2
90000123,0,6
90000124,0,1
90000125,0,2
90000126,0,4
90000127,0,24
90000128,0,8
90000129,0,1
90000130,0,13
90000131,0,14
90000132,0,2
90000133,0,4
90000135,0,11
90000136,0,1
90000137,0,4
90000139,0,1
90000140,0,4
90000141,0,1
90000142,0,16
90000143,0,2
90000144,0,1
90000145,0,1
90000146,0,1
90000147,0,1
90000148,0,1
90000149,0,3
90000150,0,1
90000151,0,4
90000152,0,1
90000153,0,6
90000154,0,6
90000156,0,2
90000157,0,1
90000158,0,2
90000159,0,1
90000160,0,1
90000161,0,1
90000162,0,5
90000163,0,3
90000164,0,2
90000166,0,1
90000167,0,1
90000168,0,1
90000169,0,2
90000170,0,2
90000171,0,1
90000172,0,1
90000173,0,1
90000174,0,1
90000175,0,1
90000176,0,1
90000177,0,3
90000178,0,1
90000179,0,-1
90000180,0,-5
90000181,0,3
90017097,4910,1
90017108,0,7
90017109,0,9
90017110,0,1
90017111,0,1
90017135,0,1
90017152,2783.5,1
90017201,2553.72,1
90017202,2984.55,3
90017203,575,1
90023705,0,2
90023706,0,6
90037116,0,2
90037119,0,9
90037126,0,3
90037128,0,1
90037137,0,169
90037145,0,4
90037147,0,4
90037161,0,1
90037162,0,1
90037164,0,31
90037165,0,1
90037166,0,1
90037167,0,11
90037168,0,2
90037169,0,1
90037173,0,12
90037178,0,1
90037179,0,1
90037185,0,7
90037190,0,13
90037201,0,2
90037214,0,9
90037217,0,1
90037231,0,1
90037232,0,1
90037238,0,150
90037245,0,1
90037251,0,6
90037254,0,6
90037255,0,1
90037258,0,22
90037260,0,3
90037261,0,1
90037264,0,2
90037265,0,1
90037266,0,4
90037267,0,4
90037272,0,1
90037301,0,1
90037313,0,2
90037327,0,1
90037328,0,1
90037334,0,1
90037335,0,1
90037474,0,3
90037491,0,1
90037582,0,1
90037584,0,6
90037587,0,21
90037591,0,2
90037593,0,12
90037595,0,40
90037653,0,2
90037654,0,2
90043124,0,1
90043210,0,4
90043224,0,2
90043231,0,5
90045132,66.67,20
90045157,0,14
90045184,0,2
90046219,0,2
90049129,0,3
90133130,0,2
90148218,0,2
90171108,0,2
90171121,0,12
90324222,0,1
90324245,0,2
90324276,0,1
90324826,0,2
90324861,0,1
90339127,0,5
90339219,0,7
90339293,0,8
90339363,0,6
90339390,0,1
90351502,0,1
90357730,0,1
90378148,21200,1
90378149,19888.89,3
90378152,227.64,275
90378177,0,6
90378179,0,3
90378327,1461.67,15
90385501,0,2
90385503,0,1
90385505,0,3
90385511,0,4
90385512,0,5
90458119,0,2
90458139,0,21
90458149,0,17
90471141,0,4
90471242,0,4
90471337,0,125
90471338,0,6
90471419,200,1
90475138,0,1
90486560,0,1
90546229,0,2
90546261,0,9
90546363,0,10
90546382,0,2
90563193,0,1
90594100,0,8
90594101,0,4
90594102,0,3
90594103,0,6
90594104,0,2
90594105,0,1
90594106,0,1
90594107,0,3
90594108,0,16
90594110,0,10
90594111,0,41
90594112,0,12
90594113,0,4
90594115,0,2
90594116,0,4
90594117,0,7
90594118,0,3
90594119,0,3
90594200,0,2
90594201,0,1
90594202,0,11
90594203,0,2
90594204,0,1
90594205,0,1
90594206,0,4
90594207,0,6
90594208,0,12
90594209,0,3
90594210,0,3
90594211,0,3
90594212,0,6
90594213,0,7
90594215,0,6
90594216,0,5
90594217,0,9
90594218,0,2
90594273,0,1
90594283,0,2
90594323,0,7
90594325,0,2
90594326,0,6
90594327,0,6
90594329,0,1
90594330,0,4
90594331,0,2
90594332,0,2
90594333,0,14
90594334,0,18
90594336,0,10
90594373,0,6
90594376,0,2
90594377,0,10
90594381,0,1
90594388,0,3
90594389,0,2
90594394,0,4
90594395,0,4
90601101,0,-5
90603171,0,2
90603255,0,10
90603333,0,1
90622108,0,11
90663253,0,1
90668369,0,3
90668551,0,71
90668576,0,32
90668915,0,3
90668923,0,2
90668987,0,23
90669006,0,30
90669030,0,2
90689214,2438.5,1
90698256,0,6
90764186,0,2
90788168,0,1
90788172,0,2
90788195,0,11
90788290,0,1
90788330,0,2
90790104,0,-2
90790221,0,5
90996387,0,8
90996441,0,1
90996458,0,4
90996518,0,1
90996529,0,4
90996544,0,1
90996560,0,2
90996878,0,1
90997681,0,4
90998037,0,10
90998043,0,10
90998218,0,11
90998375,0,1
90998477,0,2
90998499,0,1
90998929,0,1
90999718,0,1
90999738,0,-3
90999747,10440,1
90999772,480,25
91000001,0,1
91000002,0,9
91000003,0,8
91000004,0,1
91000005,0,4
91000006,0,1
91000007,0,13
91000008,0,3
91000009,0,5
91000010,0,6
91000011,0,9
91000012,0,13
91000013,0,9
91000014,0,2
91000016,0,7
91000017,0,11
91000019,0,1
91000020,0,5
91000021,0,5
91000022,0,1
91000024,0,1
91000025,0,4
91000026,0,3
91000027,0,7
91000028,0,4
91000029,0,14
91000030,0,1
91000031,0,6
91000032,0,1
91000033,0,3
91000034,0,3
91000035,0,10
91000036,475,4
91000037,0,4
91000038,0,1
91000039,0,8
91000040,0,1
91000041,0,40
91000042,0,3
91000043,0,50
91000045,0,4
91000046,0,2
91000047,0,7
91000048,0,8
91000049,0,7
91000050,0,31
91000051,0,1
91000052,0,1
91000053,0,1
91000054,0,1
91000055,0,5
91000057,0,15
91000058,0,3
91000059,0,6
91000060,0,4
91000061,0,9
91000062,0,20
91000063,0,3
91000064,0,1
91000065,0,1
91000066,0,9
91000067,0,15
91000068,0,4
91000069,0,4
91000070,0,24
91000071,0,12
91000073,0,2
91000074,0,2
91000075,0,10
91000076,0,2
91000077,0,2
91000078,0,4
91000079,0,2
91000080,0,3
91000081,0,2
91000082,0,9
91000083,0,5
91000084,0,5
91000086,0,3
91000087,0,5
91000088,0,6
91000089,0,1
91000090,0,1
91000092,0,21
91000093,0,1
91000094,0,4
91000095,0,2
91000097,1000,1
91000098,0,1
91000099,0,4
91000100,0,14
91000104,0,1
91000105,0,2
91000106,0,3
91000107,0,5
91000108,0,11
91000109,0,3
91000110,0,5
91000112,0,1
91000114,0,1
91000115,0,5
91000116,0,14
91000117,0,4
91000118,0,2
91000119,0,9
91000120,0,4
91000121,0,5
91000122,0,4
91000123,0,100
91000124,0,3
91000125,0,3
91000126,0,1
91000127,0,1
91000128,0,4
91000129,0,1
91000130,0,1
91000132,0,2
91000134,0,2
91000135,0,10
91000136,0,2
91000137,0,2
91000138,0,4
91000139,0,5
91000140,0,6
91000141,0,1
91000142,0,2
91000143,0,2
91000146,0,2
91000147,0,5
91000148,0,1
91000149,0,2
91000150,0,2
91000151,0,4
91000153,0,5
91000154,0,47
91000155,0,1
91000156,0,2
91000157,0,1
91000158,0,1
91000160,0,1
91000161,0,2
91000162,0,1
91000163,0,1
91000164,0,1
91000165,0,60
91000166,0,4
91000167,0,4
91000168,0,2
91000169,0,1
91000170,0,1
91000172,0,2
91000173,0,1
91000174,0,1
91000175,0,4
91000176,0,4
91000177,0,4
91000178,18.86,100
91000179,0,4
91000180,0,1
91000181,0,2
91000182,0,2
91000183,0,30
91000184,0,16
91000185,0,20
91000187,0,1
91000188,0,1
91000189,0,1
91000190,0,6
91000191,0,1
91000192,0,2
91000193,0,1
91000194,0,1
91000196,0,12
91000197,0,1
91000198,0,5
91000199,0,2
91000200,0,4
91000201,0,1
91000202,0,4
91000203,0,1
91000204,0,1
91000205,0,1
91000206,0,4
91000207,0,17
91000208,0,1
91000209,0,4
91000210,0,5
91000211,0,25
91000212,0,5
91000214,0,2
91000215,0,4
91000216,0,1
91000217,0,12
91000218,0,10
91000219,0,4
91000220,0,3
91000221,0,4
91000222,0,20
91000223,0,54
91000224,0,13
91000225,0,1
91000226,0,4
91000227,0,40
91000228,0,1
91000229,0,12
91000230,0,6
91000231,0,22
91000232,0,2
91000233,0,3
91000234,0,1
91000235,0,3
91000236,0,3
91000237,0,1
91000238,0,1
91000239,0,2
91000241,0,1
91000242,0,1
91000244,0,2
91000245,0,9
91000246,0,6
91002766,0,1
91002769,0,3
91002770,0,7
91002771,0,2
91002772,0,7
91002773,0,4
91002774,0,8
91002775,0,9
91002776,0,15
91002777,0,5
91002778,0,1
91002779,0,1
91002780,0,3
91002781,0,5
91002782,0,4
91002783,0,1
91002784,0,10
91002785,0,6
91002786,0,14
91002787,0,6
91002788,0,2
91002790,0,2
91002791,0,3
91002792,0,6
91002793,0,12
91002794,0,6
91002795,0,12
91002796,0,2
91002797,0,1
91002798,0,4
91002799,0,2
91002800,0,1
91002801,0,1
91002803,0,1
91002804,0,13
91002805,0,100
91002806,0,24
91002807,0,1
91002808,0,8
91002809,0,7
91002811,0,1
91002812,0,3
91002813,0,1
91002814,0,5
91002815,0,5
91002816,0,1
91002818,0,1
91002819,0,8
91002820,0,2
91002821,0,1
91002822,0,15
91002823,0,17
91002824,0,10
91002825,0,1
91002826,0,19
91002827,0,1
91002828,0,1
91002829,0,1
91002830,0,5
91002831,0,3
91002832,0,6
91002833,0,3
91002834,0,7
91002835,0,1
91002836,0,2
91002837,0,1
91002838,0,10
91002839,0,2
91002840,0,1
91002841,0,4
91002842,0,2
91002843,0,3
91002845,0,4
91002846,0,1
91002847,0,1
91002848,0,6
91002849,0,10
91002850,0,2
91002851,0,1
91002852,0,2
91002853,0,1
91002854,0,2
91002855,0,2
91002856,0,6
91002857,0,2
91002860,0,1
91002861,0,2
91002862,0,1
91002863,0,1
91002864,0,2
91002865,0,1
91002867,0,4
91002868,0,2
91002869,0,6
91002870,0,6
91002871,0,1
91002872,0,2
91002874,0,1
91002875,0,2
91002876,0,2
91002877,0,2
91002878,200,2
91002879,0,2
91002880,0,7
91002881,0,9
91002882,0,7
91002883,0,5
91002884,0,1
91002885,0,-1
91002887,0,5
91002888,0,3
91002889,0,1
91002890,0,4
91002891,0,7
91002892,0,6
91002893,0,2
91002894,0,19
91002895,0,2
91002896,428.57,7
91002897,0,3
91002898,0,1
91002899,0,1
91002900,0,1
91002902,0,1
91002903,0,1
91002904,0,1
91002906,0,1
91002907,0,7
91002908,0,31
91002909,0,12
91002910,0,11
91002911,0,106
91002913,0,27
91002914,0,22
91002915,0,33
91002916,0,2
91002917,225,6
91002918,0,6100
91002919,0,2
91002920,0,6
91002921,0,2
91002922,0,37
91002923,0,3
91002924,0,2
91002925,0,3
91002926,0,2
91002927,0,27
91002928,0,13
91002930,0,3
91002931,0,14
91002932,0,2
91002933,0,4
91002934,0,6
91002935,0,2
91002936,0,42
91002937,0,21
91002938,0,4
91002939,0,12
91002940,0,1
91002941,0,1
91002942,0,40
91002943,0,41
91002944,0,4
91002945,0,7
91002946,0,3
91002948,0,3
91002949,0,1
91002950,0,3
91002951,0,3
91002952,0,1
91002953,0,1
91002954,0,7
91002955,225,6
91002957,0,12
91002958,0,42
91002959,0,8
91002964,0,2
91002965,0,1
91002966,0,1
91003001,0,4
91003002,0,7
91003003,0,4
91003004,0,3
91003107,0,12
91003108,0,3
91003109,0,57
91003110,0,12
91003119,0,-2
91003200,0,1
91003201,0,4
91003202,0,1
91003203,0,1
91003204,0,1
91003205,0,2
91003206,0,3
91003207,0,2
91003208,0,1
91003209,0,1
91003210,0,1
91003212,0,1
91003213,0,5
91003216,0,6
91003217,0,1
91003218,0,5
91003219,0,4
91003220,0,2
91003221,0,1
91003222,0,2
91003223,0,225
91003224,0,1
91003227,0,4
91003228,0,24
91003229,0,2
91003230,0,4
91003231,0,1
91003232,0,1
91003233,0,1
91003234,0,1
91003235,0,1
91003236,0,1
91003237,0,2
91003238,0,3
91003239,0,5
91003241,0,4
91003242,0,4
91003782,0,1
91007017,12000,1
91007020,800,3
91007022,0,43
91007023,0,10
91007024,0,5
91007027,0,60
91007028,0,2
91007029,0,4
91007032,0,3
91007037,0,3
91007038,0,1
91007040,0,6
91007042,0,3
91007043,0,6
91007045,0,5
91007047,0,60
91007050,0,5
91007052,0,16
91007057,0,8
91007058,0,6
91007059,0,2
91007060,0,3
91007066,0,14
91007075,0,1
91007077,0,8
91007079,0,22
91007086,0,2
91007094,0,1
91007095,0,20
91007096,0,16
91007097,0,5
91007102,0,2
91007103,0,2
91007104,0,5
91007105,0,2
91007106,0,1
91007107,0,2
91007109,0,13
91007110,0,10
91007111,0,3
91007112,0,1
91007113,0,2
91007114,0,3
91007115,0,3
91007116,0,1
91007117,0,5
91007118,0,6
91007119,0,10
91007130,0,1
91007131,0,5
91007132,0,1
91007133,0,1
91007134,0,2
91007136,0,1
91007139,0,4
91007143,0,4
91007153,0,8
91007154,0,2
91007155,0,5
91007156,0,6
91007158,0,3
91007159,0,1
91007170,0,4
91007173,0,3
91007174,0,4
91007175,0,5
91007176,0,8
91007178,0,4
91007180,0,1
91007181,0,1
91007182,0,2
91007183,0,7
91007186,0,6
91007187,0,7
91007189,0,1
91007193,0,27
91007194,0,5
91007196,0,4
91007199,0,4
91007201,0,3
91007204,1899,5
91007206,0,4
91007207,4,4
91007210,0,4
91007211,3500,3
91007212,0,7
91007216,0,2
91007218,0,4
91007220,0,5
91007222,0,1
91007224,0,7
91007225,0,3
91007233,0,2
91007234,0,5
91007243,0,3
91007244,0,6
91007252,0,2
91007253,0,1
91007257,0,3
91007260,0,2
91007262,0,7
91007263,0,1
91007265,0,1
91007270,0,4
91007272,0,1
91007274,0,4
91007276,0,8
91007277,0,13
91007278,0,1
91007280,0,3
91007283,0,7
91007285,0,6
91007289,0,1
91007290,0,1
91007291,0,2
91007300,0,5
91007301,0,2
91007305,0,1
91007306,0,12
91007307,0,3
91007309,0,1
91007310,0,1
91007311,0,3
91007312,0,2
91007313,0,7
91007315,0,2
91007317,0,3
91007318,0,5
91007319,0,1
91007322,0,3
91007323,0,1
91007324,0,1
91007326,0,1
91007328,0,1
91007329,0,2
91007330,0,7
91007331,0,5
91007333,0,10
91007334,0,27
91007337,0,1
91007344,0,1
91007351,0,3
91007352,0,19
91007353,0,1
91007354,0,509
91007357,0,1
91007362,0,4
91007365,0,3
91007366,0,3
91007367,0,1
91007372,0,3
91007376,0,3
91007377,0,3
91007379,0,5
91007380,0,3
91007381,0,4
91007383,0,5
91007386,0,3
91007387,0,5
91007389,0,3
91007390,0,4
91007391,0,1
91007393,0,1
91007394,0,6
91007395,0,4
91007396,0,5
91007397,0,1
91007400,0,2
91007408,0,-1
91007414,0,3
91007431,0,6
91007432,0,1
91007433,0,1
91007434,0,5
91007437,0,6
91007438,0,5
91007447,0,8
91007460,0,2
91007469,0,6
91007470,950,3
91007479,0,2
91007480,0,3
91007481,0,1
91007482,0,3
91007487,0,20
91007490,0,2
91007493,0,2
91007494,0,1
91007495,0,2
91007497,0,1
91007498,0,1
91007504,0,5
91007507,0,1
91007511,0,2
91007514,0,4
91007533,0,40
91007534,0,4
91007541,0,7
91007547,0,14
91007549,0,3
91007576,0,5
91007578,0,1
91007579,0,1
91007621,0,1
91007628,0,1
91007632,0,1
91007633,0,4
91007636,0,5
91007664,0,1
91007670,0,3
91007671,0,5
91007672,0,10
91007679,0,6
91007701,0,2
91007713,0,155
91007717,0,8
91007718,0,1
91007734,0,4
91007736,0,2
91007737,0,2
91007738,0,5
91007739,0,12
91007740,0,1
91007741,0,4
91007742,0,1
91007743,0,3
91009096,0,3
91012706,0,1
91012714,0,5
91012715,0,4
91012727,0,21
91012732,0,2
91012733,0,2
91012734,0,4
91012737,0,26
91012741,0,12
91012742,0,3
91012745,0,3
91012748,0,11
91012766,2000,8
91012768,0,1
91012771,0,1
91013749,0,1
91021123,0,1
91021124,0,2
91021133,0,2
91021153,0,3
91021159,0,4
91021177,0,4
91021178,0,6
91021185,0,20
91021191,0,18
91025105,0,1
91025202,0,1
91030109,0,83
91031112,0,9
91032103,0,1
91032104,0,2
91032109,0,1
91032159,0,4
91043141,0,3
91043160,0,9
91043189,0,1
91043242,0,3
91044279,0,13
91044280,0,14
91045120,0,10
91045129,0,10
91045181,0,9
91049113,0,13
91049115,0,4
91049202,0,10
91049203,0,2
91049208,0,5
91049209,0,10
91049210,0,4
91049211,150,11
91049217,0,7
91049234,0,15
91049258,0,24
91049362,0,6
91066117,0,4
91066118,0,3
91074145,0,3
91074149,0,2
91074285,0,3
91074286,1466.67,3
91078111,0,1
91092131,0,3
91092142,0,1
91092144,0,2
91096971,0,2
91110381,0,5
91110382,0,2
91110389,0,1
91110392,0,2
91110393,0,7
91110394,0,9
91117106,0,12
91117113,0,1
91117114,0,2
91119115,0,23
91119180,231.43,7
91124172,0,4
91124174,0,4
91124460,0,1
91124474,0,3
91124476,0,3
91133110,0,3
91133114,0,15
91137108,0,12
91137111,0,5
91137132,0,7
91142421,0,2
91142453,0,3
91142475,0,4
91145301,0,2
91152105,0,3
91152107,0,2
91152108,0,3
91163103,0,8
91165111,0,7
91171121,0,1
91178103,0,78
91183504,0,1
91185106,0,1
91193151,122,53
91193170,0,1
91193171,0,-1
91203109,0,1
91203153,0,3
91203225,0,2
91206361,0,2
91212138,0,4
91212142,2090,1
91220112,0,4
91224131,0,8
91224133,0,10
91224137,0,5
91224150,0,2
91224154,0,1
91228110,0,1
91228116,0,17
91228119,0,1
91228138,0,4
91228151,0,2
91228152,0,2
91228154,0,1
91244146,0,3
91244352,0,1
91249112,0,1
91269112,0,1
91269113,0,1
91308160,0,5
91308220,0,3
91321103,0,1
91323136,0,1
91323237,0,3
91324108,0,4
91324112,0,20
91324113,0,3
91324114,0,35
91324119,0,4
91324120,0,4
91324122,0,1
91324123,0,2
91324134,0,58
91324352,0,8
91324354,0,1
91324780,0,3
91324825,0,2
91324839,0,4
91324865,0,4
91324893,0,5
91324901,0,7
91324905,0,5
91324907,0,2
91324909,0,3
91339198,0,9
91339240,0,4
91339296,0,14
91339334,0,4
91339375,0,4
91339381,0,3
91339382,0,1
91339383,0,2
91339385,0,2
91339386,0,1
91339388,0,2
91339393,0,-1
91339394,0,3
91339410,0,4
91339411,0,4
91339422,0,7
91339665,0,5
91344109,0,2
91347120,0,6
91347190,0,3
91347191,0,3
91349136,0,6
91349205,0,4
91349207,0,1
91360701,0,6
91376107,0,25
91376124,0,8
91376125,337.5,5
91376195,0,2
91378262,700,48
91378292,0,2
91378703,0,3
91382705,0,23
91382712,0,15
91382713,0,21
91382803,0,1
91387122,0,1
91387249,0,7
91387250,0,8
91389204,0,2
91422702,0,3
91424107,0,16
91432135,0,10
91432223,0,25
91432261,0,7
91469110,0,12
91469130,0,8
91469131,0,-1
91469194,0,4
91469217,4000,2
91471141,0,8
91471180,0,1
91471359,0,5
91471413,0,2
91471435,0,7
91471448,0,8
91472140,3.96,2600
91476150,0,7
91476151,0,5
91486194,0,22
91486251,0,25
91486412,0,7
91486552,0,3
91486580,0,5
91486590,0,4
91486630,0,39
91501110,0,9
91501112,0,9
91501113,0,3
91513175,0,5
91513176,0,8
91513178,0,9
91513179,0,12
91513181,0,5
91513192,0,1
91541301,0,4
91546256,0,3
91546273,0,2
91546274,0,2
91546292,0,2
91546374,0,20
91546385,0,10
91546391,0,6
91546395,0,1
91546477,0,7
91546489,0,4
91546490,0,1
91551118,0,2
91562604,0,6
91563122,0,8
91563132,0,2
91563409,0,16
91563439,0,12
91563508,0,10
91563519,0,5
91563551,0,33
91579101,0,5
91580110,0,14
91582107,0,2
91582125,0,14
91582143,0,31
91582303,0,3
91582304,0,7
91594128,0,3
91594201,0,63
91594202,0,16
91594316,0,22
91594350,0,7
91594354,0,1
91603136,0,3
91603143,0,12
91603174,0,9
91603210,3500,1
91603241,0,3
91603242,0,1
91603263,0,6
91603269,0,2
91603321,0,1
91603334,0,3
91603360,0,3
91607149,0,2
91607150,0,4
91623110,0,9
91625102,0,4
91627701,0,3
91627702,0,2
91632109,0,3
91659110,0,6
91661302,0,14
91661305,0,12
91663144,0,1
91663148,305.02,11
91663149,0,5
91663162,0,2
91663167,0,2
91663192,0,2
91663208,0,7
91663234,0,16
91663260,0,3
91663264,0,2
91668343,0,10
91668344,0,23
91668346,0,13
91668399,0,20
91669110,0,70
91669124,0,8
91669148,0,7
91669155,0,13
91669266,0,13
91669306,0,2
91671340,0,7
91671363,0,3
91679301,0,14
91679302,0,11
91685124,0,2
91687102,0,6
91691173,0,3
91694126,0,6
91698229,0,1
91706102,0,6
91706163,0,26
91706164,0,175
91706190,0,16
91707137,91.25,350
91717211,0,5
91730133,0,-4
91744137,0,1
91776113,0,55
91776115,0,34
91788225,0,2
91788232,0,2
91788240,0,2
91788245,0,3
91788250,0,1
91788257,0,1
91788258,0,1
91788260,0,4
91788261,0,1
91788318,0,3
91788319,0,1
91788320,0,4
91788323,0,6
91788325,0,2
91788326,0,1
91788327,0,4
91788337,0,1
91790185,0,-5
91817107,0,22
91918181,0,2
91966949,0,4
91990106,0,3
91992020,0,2
91992229,0,1
91992560,0,6
91992622,0,3
91992859,0,3
91992960,0,1
91992961,0,35
91992962,0,5
9199478,0,1
91996351,0,5
91996398,0,5
91996412,0,5
91996417,0,3
91996428,0,7
91996435,0,1
91996436,0,1
91996453,0,3
91996479,0,6
91996480,0,8
91996487,0,1
91996488,0,1
91996495,0,2
91996520,0,1
91996522,0,3
91996523,0,5
91996524,0,6
91996525,0,6
91996527,0,2
91996567,0,2
91996590,0,7
91996606,0,21
91996612,0,10
91996618,0,3
91996626,0,21
91996677,0,1
91996717,0,3
91996723,0,3
91996734,487.5,8
91996737,0,6
91996739,0,2
91996748,0,6
91996785,0,4
91996802,0,4
91996803,0,4
91996814,0,4
91996827,0,5
91996835,0,1
91996844,0,10
91996859,0,5
91996949,0,1
91996953,0,5
91996954,0,10
91996966,0,3
91996986,0,2
91996987,0,8
91997016,110,12
91997018,0,3
91997019,0,1
91997022,0,6
91997037,0,5
91997038,1650,1
91997060,0,4
91997070,0,9
91997075,4000,1
91997097,0,5
91997104,0,10
91997115,0,2
91997116,0,2
91997140,0,4
91997166,0,5
91997172,0,1
91997179,0,2
91997181,0,5
91997183,0,4
91997184,0,5
91997191,0,9
91997212,814.29,6
91997213,0,2
91997216,0,4
91997238,0,1
91997244,0,5
91997253,0,2
91997260,0,8
91997263,0,48
91997272,0,7
91997276,0,3
91997279,1075,2
91997308,0,3
91997320,0,1
91997337,0,2
91997340,0,9
91997345,0,1
91997371,0,1
91997383,0,5
91997384,0,3
91997399,0,1
91997448,0,5
91997524,0,10
91997527,65.45,7
91997565,375,6
91997576,45,32
91997598,0,13
91997607,0,2
91997728,0,7
91997751,0,6
91997789,0,1
91997790,0,7
91997796,0,4
91997862,0,2
91997874,0,1
91997906,0,11
91997950,0,1
91997962,0,1
91997968,0,6
91998023,0,13
91998094,0,2
91998111,12,50
91998119,0,50
91998124,0,6
91998125,0,3
91998135,0,8
91998143,0,2
91998242,0,4
91998244,0,9
91998255,0,3
91998310,0,9
91998383,0,12
91998567,0,1
91998569,0,1
91998573,0,3
91998631,0,5
91998658,0,4
91998667,0,2
91998672,0,8
91998775,0,6
91998850,0,3
91998854,0,5
91998939,0,3
91998948,0,15
91998981,0,4
91998982,0,7
91999016,0,6
91999037,0,6
91999048,2200,1
91999052,0,7
91999053,0,8
91999157,0,4
91999190,0,2
91999251,0,3
91999295,0,2
91999302,0,4
91999311,0,11
91999312,1050,4
91999314,1050,4
91999318,0,4
91999319,0,3
91999320,0,4
91999323,0,3
91999324,0,7
91999325,0,5
91999327,0,3
91999340,0,16
91999344,0,3
91999350,0,16
91999359,0,3
91999360,0,7
91999362,0,6
91999364,0,2
91999384,0,5
91999385,0,8
91999387,0,10
91999388,0,2
91999394,0,16
91999414,0,1
91999421,0,6
91999461,0,3
91999463,0,4
91999464,0,2
91999466,0,7
91999477,0,17
91999480,0,1
91999487,0,2
91999498,0,18
91999522,0,9
91999594,0,5
91999598,0,6
91999716,2,2
91999734,0,2
91999776,0,2
91999780,0,1
91999795,0,2
91999799,0,2
91999806,0,-3
91999811,0,1
91999918,0,4
92012798,114.15,14
92017002,146,8
92017005,0,-4
92017102,14324,1
92017108,0,11
92017110,0,2
92017111,0,2
92017112,0,6
92017143,0,1
92017197,6200,1
92017224,0,3
92017269,466.67,3
92017278,76.01,24
92017280,0,4
92017301,0,11
92021102,0,-2
92021138,63,4
92021140,0,17
92021143,94,10
92022112,0,10
92022113,0,4
92022114,0,7
92022115,0,3
92022116,0,64
92022117,0,3
92022118,0,3
92022119,0,4
92022220,0,95
92022221,0,12
92022222,0,24
92022223,0,1
92022224,0,13
92022225,0,10
92022226,0,5
92022227,0,6
92022228,0,2
92022230,0,1
92022231,0,5
92022232,0,3
92022233,0,8
92022234,0,2
92022235,0,9
92022236,0,4
92022237,0,2
92022238,0,1
92022239,0,13
92022240,0,4
92022241,0,2
92022242,0,2
92022243,0,2
92022244,0,7
92022245,0,7
92022246,0,10
92022247,0,2
92022248,0,2
92022249,0,4
92022250,0,34
92022251,0,2
92022252,0,6
92022254,0,12
92022255,0,1
92022256,0,10
92022258,0,2
92022259,0,6
92022260,0,4
92022261,0,218
92022262,0,2
92022263,0,4
92022264,0,7
92022265,0,4
92022266,0,1
92022267,0,12
92022268,0,5
92030133,0,130
92032001,0,6
92032002,0,5
92032003,0,7
92032004,0,3
92032005,0,6
92032006,0,1
92032007,0,2
92032008,0,2
92032009,0,2
92032010,0,8
92032011,0,6
92032012,0,2
92032013,0,12
92032014,0,2
92032016,0,2
92032017,0,4
92032018,0,4
92032019,0,2
92032020,0,2
92032021,0,11
92032022,0,2
92032023,0,2
92032024,0,11
92032025,0,1
92032026,0,1
92032027,0,1
92032028,0,6
92032029,0,3
92032030,0,2
92032031,0,1
92032032,0,1
92032033,0,9
92032034,0,1
92032035,0,1
92032036,0,5
92032037,0,2
92032038,0,1
92032039,0,8
92032040,0,9
92032041,0,1
92032043,0,1
92032044,0,4
92032045,0,3
92032046,0,5
92032047,0,6
92032048,0,3
92032049,350,12
92032050,0,1
92032051,0,5
92032052,0,1
92032053,0,3
92032054,0,2
92032055,0,-4
92032056,0,2
92032057,0,2
92032058,0,1
92032059,0,1
92032060,0,1
92032061,3000,2
92032063,0,3
92032064,0,16
92032066,1032.87,1
92032067,0,1
92032068,0,5
92032069,19363.8,1
92032070,0,15
92032073,0,69
92032074,543.33,2
92032075,490,2
92032076,0,32
92032078,0,1
92032079,0,1
92032080,4.71,45
92032081,0,-2
92032082,0,1
92032085,0,6
92032086,0,1
92032087,0,3
92032088,0,5
92032089,0,5
92032090,0,4
92032091,0,4
92032092,0,5
92032093,5.78,230
92032094,0,70
92032095,0,129
92032096,1874.21,1
92032097,251.93,29
92032098,0,16
92032100,0,6
92032107,0,14
92032108,0,1
92032117,0,278
92032118,0,6
92032122,0,150
92032123,0,27
92032124,0,42
92032128,0,7
92032129,0,19
92032131,0,7
92032134,0,3
92032135,0,52
92032138,0,23
92032139,0,1
92032145,0,3
92032146,0,3
92032147,0,3
92032152,0,1
92032155,0,2
92032163,0,10
92032168,0,2
92032169,0,3
92032170,0,1
92032171,0,26
92032173,0,3
92032177,0,100
92032179,0,5
92032185,0,7
92032186,0,4
92032187,0,10
92032191,0,24
92032196,42,4
92032197,0,-2
92032205,0,1
92032208,0,20
92032215,0,1
92032226,0,1
92032227,0,7
92032228,0,1
92032230,0,6
92032231,0,1
92032238,0,2
92032257,0,1
92032260,450,4
92032268,0,3
92032276,0,8
92032279,0,23
92032287,0,8
92032291,0,2
92032293,0,1
92032297,0,4
92032302,0,1
92032304,0,7
92032306,0,3
92032307,0,1
92032309,0,68
92032310,0,39
92032311,0,8
92032318,0,14
92032319,0,12
92032321,0,29
92032322,0,2
92032329,0,1
92032333,0,2
92032334,600,4
92032335,0,23
92032338,0,6
92032342,0,2
92032348,0,8
92032349,0,7
92032352,0,6
92032355,0,6
92032357,0,3
92032359,0,7
92032364,0,7
92032366,0,5
92032367,0,6
92032376,0,2
92032381,0,96
92032383,0,1
92032384,0,13
92032385,0,14
92032386,0,2
92032387,0,3
92032388,0,4
92032390,0,5
92032391,0,20
92032393,0,17
92032394,0,1
92032397,0,1
92032398,0,3
92032400,0,2
92032401,0,3
92032403,0,4
92032404,0,1
92032406,0,3
92032407,0,11
92032410,0,2
92032417,0,6
92032422,0,2
92032424,0,4
92032427,0,6
92032428,0,4
92032443,0,3
92032445,0,1
92032446,0,3
92032447,0,6
92032451,0,27
92032456,0,5
92032457,0,2
92032459,0,1
92032460,0,2
92032462,0,5
92032463,0,1
92032464,0,2
92032465,0,1
92032466,0,2
92032470,0,32
92032472,0,9
92032473,0,3
92032478,0,2
92032480,0,4
92032481,0,23
92032482,0,5
92032483,0,5
92032491,0,9
92032495,0,5
92032508,0,5
92032509,0,1
92032511,0,3
92032512,0,8
92032513,0,7
92032514,0,15
92032515,0,4
92032516,0,4
92032517,0,5
92032518,0,4
92032519,0,4
92032520,0,13
92032521,0,3
92032522,0,20
92032523,0,16
92032524,0,4
92032555,0,2
92032559,0,1
92032560,0,2
92032590,0,9
92032591,0,2
92032592,0,1
92032594,0,1
92032596,0,1
92032597,0,11
92032598,0,15
92032600,0,5
92032602,0,8
92032605,0,9
92032608,0,9
92032609,0,17
92032611,0,8
92032612,0,1
92032616,0,1
92032617,0,19
92032619,0,1
92032621,0,1
92032623,0,2
92032624,0,4
92032626,0,4
92032628,0,3
92032629,0,4
92032631,0,22
92032632,0,1
92032633,0,1
92032634,0,5
92032635,0,4
92032637,0,1
92032639,0,19
92032640,0,1
92032662,790,2
92032663,550,2
92032666,725,4
92032671,0,3
92032673,0,5
92032674,0,5
92032675,0,4
92032682,0,1
92032685,0,3
92032686,0,9
92032689,0,1
92032690,0,2
92032705,0,2
92032706,0,4
92032723,0,3
92032737,0,2
92032740,0,11
92032783,2500,2
92032810,0,2
92032812,0,1
92032813,0,4
92032814,0,4
92032815,0,16
92032816,0,40
92032817,0,1
92032818,0,21
92032819,0,3
92032820,0,3
92032822,0,1
92032823,0,3
92032824,0,4
92032825,0,4
92032826,0,1
92032827,0,2
92032828,0,16
92032829,0,1
92032830,0,9
92032831,0,4
92032832,0,4
92032833,0,3
92032834,0,1
92032835,0,4
92032836,0,3
92032837,342.86,7
92032838,0,5
92032840,0,-2
92032841,75,8
92032846,0,2
92033122,0,2
92033123,0,3
92033124,0,3
92033125,0,1
92033126,0,1
92033168,0,7
92034199,0,2
92034200,0,2
92038220,0,3
92038221,0,6
92038222,0,11
92038223,0,4
92038224,0,4
92038226,0,2
92038227,0,5
92038229,0,3
92038230,0,8
92038231,0,2
92038232,0,3
92038233,0,4
92038234,0,4
92038235,0,3
92038236,0,1
92038237,0,1
92038238,0,2
92038239,0,1
92038240,0,7
92038241,0,1
92038242,0,1
92038243,0,5
92038244,0,3
92038247,0,3
92038248,0,2
92038249,0,2
92038250,0,7
92038251,0,1
92038252,0,1
92038253,0,6
92038254,0,9
92038255,0,2
92038256,0,4
92038257,0,9
92038258,0,11
92038259,0,2
92038260,0,1
92038261,0,1
92038262,0,1
92038263,0,1
92038264,0,1
92038265,0,1
92038266,0,2
92038267,0,1
92038268,0,4
92038269,0,6
92038270,0,2
92038271,0,13
92038272,0,6
92038274,0,20
92038275,0,82
92038276,0,9
92038278,0,14
92038279,0,19
92038280,0,43
92038281,0,17
92038282,0,19
92038283,0,6
92038284,0,16
92038285,0,10
92038286,0,6
92038287,0,22
92038288,0,20
92042119,0,-1
92042134,92,10
92043246,0,1
92047184,0,3
92051102,0,1
92051104,0,1
92051106,0,1
92051107,0,3
92051108,0,29
92051110,0,-2
92051111,0,3
92051112,0,3
92051113,0,4
92051114,0,3
92051115,0,3
92051116,0,1
92051117,0,1
92051118,0,6
92051119,0,9
92051120,0,1
92051121,74.17,16
92051122,128.57,7
92051123,0,32
92051124,273,25
92051125,0,3
92051126,0,3
92051127,0,2
92051128,0,4
92051129,0,3
92051130,0,2
92051131,0,19
92051136,0,1
92051137,0,1
92051138,0,4
92051139,0,1
92051140,0,1
92051141,0,1
92051142,0,1
92051143,0,1
92051144,0,1
92051145,0,14
92051146,0,15
92051147,0,2
92051150,0,-1
92051151,23062.5,1
92051153,0,2
92051154,0,1
92051155,0,2
92051156,0,1
92066106,0,2
92066110,0,3
92071103,0,41
92074122,0,1
92074351,0,17
92074359,0,10
92089102,1500,5
92110232,0,6
92110410,0,38
92124108,0,1
92124110,0,6
92124404,0,6
92124425,0,2
92130101,0,4
92130107,0,3
92130108,0,5
92130109,0,4
92130154,0,6
92130164,0,3
92130208,0,6
92133137,0,2
92136605,0,4
92148125,31,30
92171163,0,6
92171171,0,20
92171172,0,1
92193116,0,47
92308138,0,12
92308147,0,3
92308184,0,1
92308206,0,3
92308207,0,13
92308208,0,3
92308209,0,7
92308210,0,7
92308211,0,2
92308212,0,2
92308213,0,1
92308214,0,3
92308215,0,6
92308217,0,6
92308218,0,7
92308219,0,6
92308220,0,3
92308221,0,9
92308225,0,1
92308228,0,5
92308250,0,10
92308254,0,1
92321298,0,5
92321299,0,2
92324105,0,2
92324106,0,6
92324472,0,2
92324474,0,6
92324477,0,3
92324497,0,3
92324498,0,1
92324499,0,1
92339139,0,8
92339140,0,1
92339167,0,6
92339169,0,7
92339170,0,4
92339277,0,6
92339287,0,5
92339297,0,1
92339434,0,2
92370128,0,3
92378170,0,8
92378171,0,6
92378177,0,41
92378178,950,6
92378183,75,100
92378305,0,2
92378901,0,2
92380148,0,1
92382115,0,3
92387179,0,11
92389218,0,1
92389219,0,1
92391117,0,1
92417104,0,2
92417105,0,2
92417121,0,9
92417122,0,9
92439116,0,2
92439125,0,7
92458168,0,14
92458176,0,5
92458178,0,4
92458185,0,1
92458186,0,1
92458189,0,1
92471271,0,7
92471319,0,10
92475149,0,3
92485113,0,2
92486158,0,32
92486159,0,19
92486160,0,61
92486212,343.75,8
92486237,248.57,14
92486256,0,1
92486461,0,2
92486561,0,2
92486643,0,1
92486644,0,1
92486661,0,2
92495121,0,1
92526122,2080,5
92526123,0,5
92526137,0,2
92526178,0,3
92563150,0,22
92563507,26181,1
92563539,0,23
92563552,0,21
92582117,0,29
92603375,0,3
92603395,0,1
92621111,0,8
92656106,6881.64,2
92663184,0,10
92663209,0,2
92663244,0,2
92668182,0,7
92668197,0,60
92668198,0,4
92668202,0,22
92668240,0,60
92668244,0,13
92668255,0,2
92668257,0,22
92668262,0,10
92668263,0,22
92668265,0,18
92668268,0,35
92668273,0,9
92668274,0,7
92668277,0,48
92668287,0,2
92668294,0,42
92668296,0,9
92668302,0,20
92668303,0,47
92668323,0,19
92668393,0,8
92668405,0,25
92668482,0,37
92668639,0,8
92668645,0,33
92668831,0,4
92668869,0,25
92668901,0,10
92668960,0,2
92669280,0,4
92671138,0,1
92671209,0,4
92671244,0,5
92671354,0,3
92672302,0,-6
92672308,1228.85,12
92680130,0,75
92689110,0,1
92751107,0,3
92769113,0,2
92769114,0,1
92769126,0,2
92769152,0,1
92769162,0,4
92769163,0,5
92781190,0,1
92991000,0,-1
92991001,0,9
92991002,0,2
92991003,0,2
92991004,0,1
92991005,10000,1
92991006,0,6
92991008,0,5
92991009,0,1
92991010,0,3
92991011,0,6
92991012,0,2
92991013,0,4
92991014,0,7
92991015,0,6
92991016,0,6
92991017,0,2
92991018,0,1
92991019,0,50
92991020,0,4
92991021,0,3
92991022,0,15
92991023,0,9
92991024,0,19
92991025,150,7
92991026,0,6
92991027,0,10
92991028,0,7
92991029,11000,1
92991030,650,1
92991031,250,6
92991032,0,-1
92991034,0,-1
92995201,0,5
92996302,0,3
92996307,0,2
92996309,0,7
92996317,0,1
92996320,0,2
92996321,0,2
92996322,0,13
92996324,0,1
92996329,0,2
92996334,0,2
92996339,0,1
92996361,0,4
92996363,0,2
92996368,0,6
92996369,0,4
92996370,0,2
92996447,0,1
92996448,0,1
92996455,0,3
92996465,0,3
92996485,0,2
92996499,0,4
92996553,0,1
92996598,0,1
92996743,0,2
92996980,45,100
92997099,0,9
92997230,0,6
92997417,0,3
92997419,0,2
92997420,0,2
92997521,0,3
92997532,0,2
92997541,0,10
92997547,0,5
92997552,0,1
92997559,0,2
92997560,0,6
92997569,0,3
92997570,0,3
92997572,0,7
92997582,0,1
92997592,0,2
92997597,0,9
92997635,0,14
92997650,0,11
92997710,0,5
92997721,0,6
92997724,0,1
92997765,0,5
92997776,0,14
92997820,0,3
92997821,0,2
92997836,0,4
92997837,0,2
92997838,0,2
92997839,0,3
92997840,0,7
92997846,0,2
92997849,0,6
92997850,0,3
92997853,0,2
92997854,0,3
92997855,0,2
92997922,0,10
92997929,0,6
92997938,0,2
92997942,0,4
92997945,0,4
92997947,0,3
92997965,0,1
92998001,0,3
92998066,0,2
92998090,0,4
92998091,0,5
92998139,0,4
92998404,0,3
92998506,0,1
92998507,0,1
92998509,0,1
92998541,0,4
92998592,0,4
92998637,0,2
92998682,0,4
92998689,0,1
92998690,0,3
92998694,0,3
92998696,0,1
92998872,0,1
92998903,0,4
92998954,0,4
92998956,0,4
92998963,0,2
92998970,0,3
92998972,0,3
92998984,0,12
92998986,0,6
92998987,0,100
92998988,0,2
92998992,0,12
92998994,0,2
92998997,0,21
92998999,0,8
92999008,650,2
92999312,0,1
92999376,0,1
92999379,0,2
92999393,0,1
92999424,0,1
92999453,0,22
92999497,0,4
92999537,0,-2
92999538,0,-1
92999549,3350,1
92999551,0,-1
92999555,0,-3
92999556,0,-1
92999562,0,-1
92999564,84,10
92999571,0,5
92999587,226,6
92999589,144,4
92999653,416.67,2
92999778,0,7
92999825,0,2
92999896,0,5
92999929,232,5
92999930,0,18
92999936,0,5
92999938,309.38,5
92999939,0,3
92999941,0,9
92999948,3385.8,3
92999953,0,-1
92999957,390,9
92999971,0,5
92999976,0,3
92999977,0,12
92999978,0,4
92999980,0,3
92999982,0,9
92999985,134.26,5
93030134,0,2
93030135,0,1
93030146,0,18
93044313,0,1
93044565,0,4
93044568,0,2
93046231,0,3
93137104,0,65
93148194,0,-12
93308145,0,6
93311105,0,7
93324146,0,-1
93324202,0,5
93324263,0,5
93324264,0,5
93324307,490,4
93324732,0,7
93324764,0,2
93324765,0,5
93324767,0,3
93324772,0,63
93324773,0,4
93324780,0,7
93324781,0,2
93339264,0,7
93347104,583.33,3
93373184,0,8
93378184,0,10
93389127,0,8
93458143,0,12
93471466,0,53
93475181,0,2
93668114,0,16
93668120,0,12
93668622,0,8
93668801,0,4
93669101,0,10
93692107,0,9
93693102,0,76
93997960,0,3
93999786,0,6
93999885,0,7
95003010,225,4
95003123,0,-3
95003130,0,1
95003138,0,13
95003140,0,12
95003141,0,6
95003142,0,4
95003144,0,41
95003145,0,1
95003149,0,2
95003161,0,8
95003162,0,15
95003163,0,5
95003164,0,6
95003165,0,12
95003166,0,9
95003167,0,6
95003168,0,2
95003169,0,2
95003170,0,-1
95003171,0,92
95003172,0,9
95003173,0,1
95003174,0,12
95003175,0,8
95003176,0,3
95003178,0,7
95003179,0,2
95043153,0,2
95044101,0,2
95044105,0,5
95044106,0,12
95044108,0,3
95044109,0,10
95044110,0,1
95044112,0,7
95044115,0,2
95044116,0,11
95044118,0,1
95044119,0,3
95044129,0,5
95044131,0,3
95044133,0,3
95044135,0,9
95044136,0,3
95044138,0,2
95044139,0,21
95044141,0,3
95044142,0,2
95044151,0,21
95044157,0,1
95044159,0,4
95044163,0,2
95044164,0,3
95044165,0,6
95044169,0,1
95044170,0,2
95044174,0,2
95044175,0,7
95044176,0,1
95044177,3.75,12
95044178,0,4
95044179,0,2
95044180,0,2
95044183,0,18
95044186,0,3
95044187,0,7
95044188,0,6
95044189,0,7
95044190,0,4
95044191,0,-1
95044192,0,1
95044193,0,3
95044194,0,1
95044195,0,1
95044200,822.22,9
95044202,0,16
95044206,135,8
95044207,76,13
95044208,0,13
95044211,0,3
95044212,0,2
95044214,0,2
95044216,0,1
95044217,0,1
95044220,0,2
95044221,0,1
95044222,0,1
95044224,0,3
95044225,0,4
95044226,0,6
95044227,0,5
95044230,0,2
95044231,0,2
95044233,0,6
95044236,0,4
95044237,0,2
95044238,0,2
95044240,0,5
95044241,0,6
95044242,0,3
95044245,0,8
95044247,0,2
95044248,0,5
95044249,0,3
95044251,0,2
95044254,0,4
95044255,0,13
95044256,0,9
95044257,0,2
95044258,0,2
95044259,0,2
95044260,1015,3
95044262,0,5
95044264,0,8
95044266,0,4
95044267,0,1
95044268,0,7
95044270,43.75,16
95044271,0,3
95044272,0,4
95044273,0,21
95044280,0,4
95044286,0,8
95044288,0,1
95044291,0,2
95044297,0,1
95044299,0,2
95044300,0,4
95044301,0,15
95044302,0,4
95044305,0,4
95044306,0,2
95044307,0,2
95044308,0,4
95044309,0,4
95044310,0,1
95044311,0,1
95044312,400,3
95044313,0,14
95044314,0,3
95044316,0,1
95044317,0,3
95044319,0,9
95044320,0,3
95044321,0,2
95044322,0,13
95044324,0,5
95044326,0,2
95044327,0,3
95044328,0,3
95044329,0,2
95044330,0,4
95044333,0,6
95044334,0,7
95044335,0,2
95044336,0,1
95044337,0,3
95044338,0,11
95044339,0,1
95044340,0,2
95044341,0,1
95044342,0,10
95044343,0,4
95044344,0,2
95044345,0,1
95044346,0,6
95044347,0,12
95044348,0,4
95044349,0,1
95044350,0,1
95044352,0,3
95044353,0,4
95044354,0,1
95044355,0,1
95044356,0,4
95044357,0,2
95044358,0,1
95044359,0,3
95044361,0,2
95044363,0,2
95044364,0,5
95044365,0,6
95044398,0,6
95044401,0,2
95044406,0,4
95044407,0,9
95044415,0,8
95044416,109.09,11
95044417,0,4
95044419,0,4
95044420,0,8
95044423,4500,1
95044428,0,2
95044435,0,4
95044438,0,9
95044441,106.15,13
95044453,0,4
95044471,0,7
95044473,0,7
95044474,240,4
95044478,0,1
95044480,0,3
95044481,0,14
95044491,0,9
95044492,0,2
95044493,140,8
95044497,0,3
95044504,0,8
95044505,0,3
95044506,0,2
95044520,0,1
95044524,0,1
95044526,0,5
95044531,0,8
95044538,0,3
95044540,0,8
95044542,200,3
95044543,0,2
95044544,0,6
95044545,0,3
95044549,0,1
95044553,0,1
95044556,0,31
95044567,0,1
95045135,0,25
95045139,0,3
95045143,0,11
95045144,0,22
95045145,0,2
95045151,0,5
95045153,0,7
95045155,0,28
95045157,144.23,9
95045158,0,1
95045161,62.5,16
95045163,0,22
95045167,0,4
95045168,0,5
95045174,0,4
95045175,0,5
95045176,0,4
95045177,0,4
95045178,0,4
95045179,0,2
95045180,0,10
95046101,8533.33,1
95046104,0,2
95046105,0,3
95046107,0,2
95046109,0,4
95046111,0,1
95046112,0,3
95046114,0,2
95046115,0,2
95046116,0,6
95046118,0,3
95046122,0,2
95046124,0,4
95046126,0,2
95046129,0,2
95046130,0,2
95046134,0,6
95046136,0,1
95046143,0,2
95046145,0,4
95046158,0,6
95046160,0,2
95046182,0,6
95046183,0,3
95046184,0,2
95046185,0,2
95046186,0,2
95046187,0,1
95046190,0,1
95046191,0,3
95046192,0,1
95046198,2575,2
95046203,0,5
95046213,0,2
95046215,0,1
95046220,0,2
95046223,0,1
95047104,0,2
95047105,0,2
95047110,0,4
95047117,0,6
95047119,0,18
95047121,400,6
95047123,0,3
95047124,0,3
95047126,0,2
95047129,0,6
95047135,960,4
95047142,0,2
95047143,329.17,28
95047147,0,4
95047148,0,8
95047159,0,3
95047160,0,2
95047162,0,2
95047164,0,2
95047172,0,1
95047176,0,3
95047188,150,4
95047189,0,9
95047190,0,7
95047191,0,3
95047192,0,6
95047193,0,3
95047194,0,8
95047195,0,2
95047196,0,7
95047197,0,7
95047198,0,8
95047200,0,6
95047201,0,3
95047210,0,4
95047212,0,18
95047213,0,2
95047214,0,2
95047215,0,1
95047217,0,1
95047218,0,2
95047220,0,5
95047221,0,4
95047223,0,2
95047225,0,2
95047226,0,2
95047233,0,2
95047235,0,3
95047236,0,8
95047237,0,2
95047238,0,4
95047239,0,3
95047240,0,1
95047241,0,4
95047242,0,1
95047244,0,3
95047245,0,9
95047247,0,6
95047248,0,1
95047249,0,7
95047251,0,6
95047252,0,13
95047253,0,4
95047255,0,1
95047261,0,1
95047262,0,3
95047263,0,2
95047264,0,6
95047267,0,9
95047268,0,19
95047270,0,2
95047272,0,13
95047274,0,1
95047276,0,4
95047278,0,9
95047280,0,2
95047281,0,1
95047283,0,6
95047284,0,2
95047288,0,4
95047291,0,1
95047292,0,7
95047293,0,4
95047294,0,4
95047296,0,10
95047297,0,4
95047298,0,6
95047299,0,2
95047300,0,8
95047301,0,7
95047302,0,2
95047303,0,4
95047304,0,4
95047305,0,4
95047307,0,1
95047308,0,5
95047310,0,1
95047311,0,2
95047312,0,4
95047318,0,11
95047319,0,17
95047320,0,13
95047324,0,14
95047325,0,10
95047327,0,3
95047328,120,6
95047329,0,3
95047331,0,12
95047333,0,4
95047334,0,1
95047336,0,4
95047337,0,1
95047338,0,4
95047339,0,2
95047341,0,4
95047342,0,4
95047344,0,2
95047345,0,10
95047346,0,2
95047347,0,3
95047348,0,3
95047350,0,1
95047351,0,7
95047352,0,2
95047353,0,2
95047356,0,2
95047357,0,4
95047358,0,9
95047359,0,3
95047360,0,2
95047361,0,2
95047363,0,1
95047365,0,3
95047368,0,1
95047370,0,2
95047371,0,1
95047372,0,1
95047373,0,2
95047374,0,4
95047375,0,2
95047376,0,1
95047377,0,4
95047378,0,1
95047379,0,1
95047380,0,8
95047382,0,8
95047383,350,4
95047385,0,9
95047387,0,4
95047390,0,3
95047392,0,2
95093152,0,6
95121175,472.5,5
95124323,0,-12
95292134,1082,2
95347117,0,-6
95347188,566.67,18
95347208,7850,1
95432196,2700,1
95432197,3000,1
95432199,2000,1
95546497,0,5
95546504,0,6
95546505,0,8
95668692,0,-4
95698358,2584,1
95698369,1307,1
95768273,4490,4
95846401,0,7
97000137,4850,2
98000028,11974,2
98000029,5911,1
98000030,3505,1
98000032,111,1
98000036,303,2
98000037,111,1
98000062,28000,1
98000063,9000,2
98000090,0,-8
99000001,2400,4
99000014,524,1
99000015,1426,2
99000016,1995,2
99000017,194,2
99000018,262,2
99000019,285,1
99000020,217,4
99000021,89,2
99000022,365,2
99000024,239,2
99000048,6051.63,6
99000049,0,-28
99000051,2650,4
99000052,2450,2
99000053,36,15
99000054,36,15
99000055,10,16
99000056,550,4
99000057,480,3
99000058,45,8
99000059,130,8
99000060,2100,2
99000061,700,2
99000062,800,4
99000063,90,2
99000064,40,8
99000068,85,5
99000073,5650,1
99000077,9836,1
99000078,7554,1
99000079,900,1
99000081,2765,5
99000118,13000,1
99000119,2000,1
99000121,15500,1
99000122,10450,1
99000123,5520,4
99000124,92,80
99000125,19,40
99000126,13558,2
99000127,26257,1
99000128,287,4
99000129,105,8
99000130,8881,8
99000131,21,24
99000132,3273,6
99000133,95,1
99000134,289,2
99000135,45,4
99000140,8810,1
99000196,900,2
16000001,128.89,33709
1155111,306.51,2060.800
13198123,868.52,805.000
14162107,424.90,38.000
21001127,445088614.72,0.000
23620139,0.74,300000.000
24745174,0.59,202600.000
51123111,35.00,120.000
51258502,200.00,6.000
51537223,161.33,12.000
51809127,27.10,283.000
57050135,0.00,8.000
57050168,0.00,3.000
57050195,0.00,16.000
57050222,0.00,7.000
57052356,0.00,10.000
90017152,2783.50,4.000
92017194,8750.00,4.000
96000139,0.15,243400.000
99000158,1800.00,1.000
90603222,125.00,2.000
90790105,1563.79,14.000
97000098,116025.00,1.000
22276502,10.57,95.000
51349108,180.00,1.000
51698115,330.00,3.000
52433125,7.98,312.000
54017121,237.50,4.000
55790241,73.75,16.000
59025112,75.00,2.000
69119150,70.10,21.000
69391129,162.50,4.000
69778106,0.31,288.000
95594116,31.42,14.000
99000086,1.00,50.000
99000167,3.29,326.000
990000742,17.27,40000.000
69738105,0.00,0.00
90000028,0.00,15.000
90000047,0.00,2.000
90000055,0.00,1.000
90000083,36.84,19.000
90000110,0.00,1.000
90000138,0.00,2.000
90000165,0.00,4.000
90017103,0.00,2.000
90017168,0.00,1.000
90037108,0.00,0.00
90037193,0.00,1.000
90037486,0.00,6.000
90324192,0.00,0.00
90458184,0.00,2.000
90594114,0.00,12.000
90594324,0.00,7.000
90668371,0.00,4.000
90790105,0.00,-4.000
90997555,0.00,2.000
91000015,0.00,6.000
91000044,0.00,1.000
91000072,0.00,10.000
91000101,0.00,3.000
91000131,0.00,1.000
91000133,0.00,1.000
91000145,0.00,13.000
91000152,0.00,5.000
91000159,0.00,2.000
91000186,0.00,6.000
91000213,0.00,1.000
91000240,0.00,1.000
91002789,0.00,5.000
91002810,0.00,16.000
91002817,0.00,5.000
91002844,0.00,2.000
91002873,0.00,1.000
91002901,0.00,1.000
91002929,0.00,2.000
91002947,0.00,16.000
91002956,0.00,6.000
91003211,0.00,33.000
91003214,140.00,2.000
91003215,300.00,1.000
91003240,0.00,1.000
91007072,0.00,7.000
91007120,0.00,5.000
91007188,0.00,1.000
91007261,0.00,8.000
91007316,0.00,4.000
91007375,0.00,4.000
91007459,0.00,1.000
91007620,0.00,1.000
91012712,0.00,2.000
91025106,0.00,1.000
91049220,0.00,7.000
91119221,0.00,1.000
91169153,0.00,3.000
91169154,0.00,2.000
91193148,0.00,11.000
91193166,0.00,2.000
91193168,0.00,1.000
91228115,0.00,21.000
91242104,0.00,39.000
91324894,0.00,1.000
91349190,0.00,1.000
91358120,5925.00,5.000
91435103,0.00,5.000
91513177,575.00,6.000
91546272,0.00,1.000
91564128,0.00,6.000
91609235,0.00,1.000
91669177,0.00,60.000
91788251,0.00,4.000
91992963,0.00,7.000
91996655,0.00,6.000
91997021,0.00,3.000
91997268,0.00,7.000
91997878,0.00,3.000
91998848,0.00,6.000
91999339,0.00,4.000
91999717,0.00,2.000
92017296,127.50,8.000
92022229,0.00,3.000
92022257,0.00,7.000
92032015,0.00,1.000
92032042,0.00,3.000
92032071,0.00,1.000
92032083,0.00,22.000
92032084,0.00,8.000
92032099,140.63,16.000
92032174,0.00,2.000
92032301,0.00,1.000
92032374,0.00,7.000
92032431,0.00,11.000
92032510,0.00,24.000
92032603,0.00,1.000
92032672,0.00,1.000
92032821,0.00,1.000
92033167,0.00,73.000
92038245,0.00,3.000
92038273,0.00,2.000
92042131,0.00,-5.000
92042132,0.00,-1.000
92042137,93.33,9.000
92042138,92.00,10.000
92042141,158.57,7.000
92051105,0.00,2.000
92071315,177727.50,1.000
92212125,0.00,155.000
92324416,0.00,2.000
92389216,0.00,1.000
92486297,0.00,1.000
92563281,0.00,5.000
92668201,0.00,14.000
92668912,0.00,6.000
92991007,0.00,1.000
92991035,0.00,-1.000
92996351,0.00,1.000
92996599,0.00,3.000
92997774,0.00,10.000
92998401,0.00,5.000
92998407,0.00,3.000
92998995,0.00,2.000
92999007,1220.00,1.000
92999546,67.00,10.000
92999565,95.00,8.000
92999581,102.22,9.000
92999984,155.00,4.000
93324775,0.00,4.000
93337118,11531.25,2.000
95003120,0.00,18.000
95003177,0.00,4.000
95044145,450.00,8.000
95044197,0.00,14.000
95044243,0.00,1.000
95044298,0.00,7.000
95044331,0.00,1.000
95044360,0.00,1.000
95044488,110.00,8.000
95045147,0.00,17.000
95046113,0.00,1.000
95046208,0.00,2.000
95047187,0.00,2.000
95047234,0.00,9.000
95047275,0.00,8.000
95047317,0.00,1.000
95047354,0.00,2.000
95047391,0.00,2.000
95768274,11810.00,1.000
95768275,4490.00,2.000
99000023,401.00,2.000
